,RMSE,Standard Deviation,MAE
30 min,1.2785981885057207,0.18348478592697115,1.4910837599730287
60 min,1.7414396570179869,0.441330632601825,1.8236240899558005
90 min,1.9503223435948638,0.7991825889354174,1.9869281774667993
