,RMSE,Standard Deviation,MAE
30 min,4.445332947212877,0.10327955589886444,5.040302426300348
60 min,7.727326511737224,0.35280263174995863,7.661321409009668
90 min,10.725315183409004,0.5396682592717117,10.24356321980645
