,RMSE,Standard Deviation,MAE
30 min,0.16646895325909924,0.04082482904638616,0.18369283877556092
60 min,0.32680426659574435,0.23290003057626302,0.3048572758579526
90 min,0.6329978032116736,0.41048353441538177,0.5441153174297675
