,RMSE,Standard Deviation,MAE
30 min,2.776833944808729,0.5319774431308157,3.171343237718745
60 min,5.078543023360316,1.7712134173207275,4.985788563718171
90 min,7.356308835615599,2.950999609083413,6.924962473143508
