,RMSE,Standard Deviation,MAE
30 min,0.8752335856880566,0.6080021929785011,0.8057924630228595
60 min,2.353120314346156,1.1842399429272104,2.0815144063217446
90 min,3.463869443604688,1.332843047112185,3.098167256495104
