,RMSE,Standard Deviation,MAE
30 min,1.0313119611300974,0.25819888974716115,1.154598317222705
60 min,1.57484070322521,0.33698754585385793,1.5985342230311117
90 min,1.8628097164365927,0.3057723532730579,1.8578592707590516
