,RMSE,Standard Deviation,MAE
30 min,0.39648992487798385,0.04082482904638688,0.47494089207276496
60 min,0.3366188173693153,0.18989630344113098,0.33659101621270876
90 min,0.42635615925479536,0.36136994243312165,0.39301095639978234
