,RMSE,Standard Deviation,MAE
30 min,1.0336541674169297,0.6337717780610516,1.0611065737106613
60 min,2.2097812770924206,1.2635627839925125,2.0747473439722746
90 min,2.601925900401432,1.2625319513202726,2.4880148224117873
