,RMSE,Standard Deviation,MAE
30 min,0.12369232171270733,0.13662601021279455,0.10190332855497708
60 min,0.7028446757853763,0.2195035721390842,0.5501922171461436
90 min,0.7531545262358648,1.1104524191352814,0.6278393304126616
